[{"inputs":[{"internalType":"address","name":"weth","type":"address"},{"internalType":"address","name":"owner","type":"address"},{"internalType":"contract IPool","name":"pool","type":"address"}],"stateMutability":"nonpayable","type":"constructor"},{"anonymous":false,"inputs":[{"indexed":true,"internalType":"address","name":"previousOwner","type":"address"},{"indexed":true,"internalType":"address","name":"newOwner","type":"address"}],"name":"OwnershipTransferred","type":"event"},{"stateMutability":"payable","type":"fallback"},{"inputs":[{"internalType":"address","name":"","type":"address"},{"internalType":"uint256","name":"amount","type":"uint256"},{"internalType":"uint256","name":"interestRateMode","type":"uint256"},{"internalType":"uint16","name":"referralCode","type":"uint16"}],"name":"borrowETH","outputs":[],"stateMutability":"nonpayable","type":"function"},{"inputs":[{"internalType":"address","name":"","type":"address"},{"internalType":"address","name":"onBehalfOf","type":"address"},{"internalType":"uint16","name":"referralCode","type":"uint16"}],"name":"depositETH","outputs":[],"stateMutability":"payable","type":"function"},{"inputs":[{"internalType":"address","name":"to","type":"address"},{"internalType":"uint256","name":"amount","type":"uint256"}],"name":"emergencyEtherTransfer","outputs":[],"stateMutability":"nonpayable","type":"function"},{"inputs":[{"internalType":"address","name":"token","type":"address"},{"internalType":"address","name":"to","type":"address"},{"internalType":"uint256","name":"amount","type":"uint256"}],"name":"emergencyTokenTransfer","outputs":[],"stateMutability":"nonpayable","type":"function"},{"inputs":[],"name":"getWETHAddress","outputs":[{"internalType":"address","name":"","type":"address"}],"stateMutability":"view","type":"function"},{"inputs":[],"name":"owner","outputs":[{"internalType":"address","name":"","type":"address"}],"stateMutability":"view","type":"function"},{"inputs":[],"name":"renounceOwnership","outputs":[],"stateMutability":"nonpayable","type":"function"},{"inputs":[{"internalType":"address","name":"","type":"address"},{"internalType":"uint256","name":"amount","type":"uint256"},{"internalType":"uint256","name":"rateMode","type":"uint256"},{"internalType":"address","name":"onBehalfOf","type":"address"}],"name":"repayETH","outputs":[],"stateMutability":"payable","type":"function"},{"inputs":[{"internalType":"address","name":"newOwner","type":"address"}],"name":"transferOwnership","outputs":[],"stateMutability":"nonpayable","type":"function"},{"inputs":[{"internalType":"address","name":"","type":"address"},{"internalType":"uint256","name":"amount","type":"uint256"},{"internalType":"address","name":"to","type":"address"}],"name":"withdrawETH","outputs":[],"stateMutability":"nonpayable","type":"function"},{"inputs":[{"internalType":"address","name":"","type":"address"},{"internalType":"uint256","name":"amount","type":"uint256"},{"internalType":"address","name":"to","type":"address"},{"internalType":"uint256","name":"deadline","type":"uint256"},{"internalType":"uint8","name":"permitV","type":"uint8"},{"internalType":"bytes32","name":"permitR","type":"bytes32"},{"internalType":"bytes32","name":"permitS","type":"bytes32"}],"name":"withdrawETHWithPermit","outputs":[],"stateMutability":"nonpayable","type":"function"},{"stateMutability":"payable","type":"receive"}]