[
  {
    "inputs": [
      {
        "internalType": "address",
        "name": "_scheduler",
        "type": "address"
      },
      {
        "internalType": "address",
        "name": "_universalONFT",
        "type": "address"
      },
      {
        "internalType": "address",
        "name": "_omniseaERC721Psi",
        "type": "address"
      }
    ],
    "stateMutability": "nonpayable",
    "type": "constructor"
  },
  {
    "anonymous": false,
    "inputs": [
      {
        "indexed": true,
        "internalType": "address",
        "name": "collection",
        "type": "address"
      }
    ],
    "name": "Created",
    "type": "event"
  },
  {
    "inputs": [
      {
        "components": [
          {
            "internalType": "string",
            "name": "name",
            "type": "string"
          },
          {
            "internalType": "string",
            "name": "symbol",
            "type": "string"
          },
          {
            "internalType": "string",
            "name": "uri",
            "type": "string"
          },
          {
            "internalType": "string",
            "name": "tokensURI",
            "type": "string"
          },
          {
            "internalType": "uint24",
            "name": "maxSupply",
            "type": "uint24"
          },
          {
            "internalType": "bool",
            "name": "isZeroIndexed",
            "type": "bool"
          },
          {
            "internalType": "uint24",
            "name": "royaltyAmount",
            "type": "uint24"
          },
          {
            "internalType": "uint256",
            "name": "endTime",
            "type": "uint256"
          }
        ],
        "internalType": "struct CreateParams",
        "name": "_params",
        "type": "tuple"
      }
    ],
    "name": "create",
    "outputs": [],
    "stateMutability": "nonpayable",
    "type": "function"
  },
  {
    "inputs": [
      {
        "internalType": "address",
        "name": "",
        "type": "address"
      }
    ],
    "name": "drops",
    "outputs": [
      {
        "internalType": "bool",
        "name": "",
        "type": "bool"
      }
    ],
    "stateMutability": "view",
    "type": "function"
  },
  {
    "inputs": [],
    "name": "omniseaERC721Psi",
    "outputs": [
      {
        "internalType": "address",
        "name": "",
        "type": "address"
      }
    ],
    "stateMutability": "view",
    "type": "function"
  },
  {
    "inputs": [],
    "name": "owner",
    "outputs": [
      {
        "internalType": "address",
        "name": "",
        "type": "address"
      }
    ],
    "stateMutability": "view",
    "type": "function"
  },
  {
    "inputs": [],
    "name": "scheduler",
    "outputs": [
      {
        "internalType": "address",
        "name": "",
        "type": "address"
      }
    ],
    "stateMutability": "view",
    "type": "function"
  },
  {
    "inputs": [
      {
        "internalType": "address",
        "name": "manager_",
        "type": "address"
      }
    ],
    "name": "setManager",
    "outputs": [],
    "stateMutability": "nonpayable",
    "type": "function"
  },
  {
    "inputs": [],
    "name": "universalONFT",
    "outputs": [
      {
        "internalType": "address",
        "name": "",
        "type": "address"
      }
    ],
    "stateMutability": "view",
    "type": "function"
  }
]