[
  {
    "inputs": [],
    "stateMutability": "nonpayable",
    "type": "constructor"
  },
  {
    "anonymous": false,
    "inputs": [
      {
        "indexed": false,
        "internalType": "uint8",
        "name": "version",
        "type": "uint8"
      }
    ],
    "name": "Initialized",
    "type": "event"
  },
  {
    "anonymous": false,
    "inputs": [
      {
        "indexed": false,
        "internalType": "uint256",
        "name": "txGas",
        "type": "uint256"
      },
      {
        "indexed": false,
        "internalType": "uint256",
        "name": "txGasContractCreation",
        "type": "uint256"
      },
      {
        "indexed": false,
        "internalType": "uint256",
        "name": "zeroGas",
        "type": "uint256"
      },
      {
        "indexed": false,
        "internalType": "uint256",
        "name": "nonZeroGas",
        "type": "uint256"
      }
    ],
    "name": "IntrinsicParamsUpdated",
    "type": "event"
  },
  {
    "anonymous": false,
    "inputs": [
      {
        "indexed": false,
        "internalType": "uint256",
        "name": "oldL2BaseFee",
        "type": "uint256"
      },
      {
        "indexed": false,
        "internalType": "uint256",
        "name": "newL2BaseFee",
        "type": "uint256"
      }
    ],
    "name": "L2BaseFeeUpdated",
    "type": "event"
  },
  {
    "anonymous": false,
    "inputs": [
      {
        "indexed": true,
        "internalType": "address",
        "name": "previousOwner",
        "type": "address"
      },
      {
        "indexed": true,
        "internalType": "address",
        "name": "newOwner",
        "type": "address"
      }
    ],
    "name": "OwnershipTransferred",
    "type": "event"
  },
  {
    "anonymous": false,
    "inputs": [
      {
        "indexed": false,
        "internalType": "address",
        "name": "_oldWhitelist",
        "type": "address"
      },
      {
        "indexed": false,
        "internalType": "address",
        "name": "_newWhitelist",
        "type": "address"
      }
    ],
    "name": "UpdateWhitelist",
    "type": "event"
  },
  {
    "inputs": [
      {
        "internalType": "bytes",
        "name": "_message",
        "type": "bytes"
      }
    ],
    "name": "calculateIntrinsicGasFee",
    "outputs": [
      {
        "internalType": "uint256",
        "name": "",
        "type": "uint256"
      }
    ],
    "stateMutability": "view",
    "type": "function"
  },
  {
    "inputs": [
      {
        "internalType": "uint256",
        "name": "_gasLimit",
        "type": "uint256"
      }
    ],
    "name": "estimateCrossDomainMessageFee",
    "outputs": [
      {
        "internalType": "uint256",
        "name": "",
        "type": "uint256"
      }
    ],
    "stateMutability": "view",
    "type": "function"
  },
  {
    "inputs": [
      {
        "internalType": "uint64",
        "name": "_txGas",
        "type": "uint64"
      },
      {
        "internalType": "uint64",
        "name": "_txGasContractCreation",
        "type": "uint64"
      },
      {
        "internalType": "uint64",
        "name": "_zeroGas",
        "type": "uint64"
      },
      {
        "internalType": "uint64",
        "name": "_nonZeroGas",
        "type": "uint64"
      }
    ],
    "name": "initialize",
    "outputs": [],
    "stateMutability": "nonpayable",
    "type": "function"
  },
  {
    "inputs": [],
    "name": "intrinsicParams",
    "outputs": [
      {
        "internalType": "uint64",
        "name": "txGas",
        "type": "uint64"
      },
      {
        "internalType": "uint64",
        "name": "txGasContractCreation",
        "type": "uint64"
      },
      {
        "internalType": "uint64",
        "name": "zeroGas",
        "type": "uint64"
      },
      {
        "internalType": "uint64",
        "name": "nonZeroGas",
        "type": "uint64"
      }
    ],
    "stateMutability": "view",
    "type": "function"
  },
  {
    "inputs": [],
    "name": "l2BaseFee",
    "outputs": [
      {
        "internalType": "uint256",
        "name": "",
        "type": "uint256"
      }
    ],
    "stateMutability": "view",
    "type": "function"
  },
  {
    "inputs": [],
    "name": "owner",
    "outputs": [
      {
        "internalType": "address",
        "name": "",
        "type": "address"
      }
    ],
    "stateMutability": "view",
    "type": "function"
  },
  {
    "inputs": [],
    "name": "renounceOwnership",
    "outputs": [],
    "stateMutability": "nonpayable",
    "type": "function"
  },
  {
    "inputs": [
      {
        "internalType": "uint64",
        "name": "_txGas",
        "type": "uint64"
      },
      {
        "internalType": "uint64",
        "name": "_txGasContractCreation",
        "type": "uint64"
      },
      {
        "internalType": "uint64",
        "name": "_zeroGas",
        "type": "uint64"
      },
      {
        "internalType": "uint64",
        "name": "_nonZeroGas",
        "type": "uint64"
      }
    ],
    "name": "setIntrinsicParams",
    "outputs": [],
    "stateMutability": "nonpayable",
    "type": "function"
  },
  {
    "inputs": [
      {
        "internalType": "uint256",
        "name": "_newL2BaseFee",
        "type": "uint256"
      }
    ],
    "name": "setL2BaseFee",
    "outputs": [],
    "stateMutability": "nonpayable",
    "type": "function"
  },
  {
    "inputs": [
      {
        "internalType": "address",
        "name": "newOwner",
        "type": "address"
      }
    ],
    "name": "transferOwnership",
    "outputs": [],
    "stateMutability": "nonpayable",
    "type": "function"
  },
  {
    "inputs": [
      {
        "internalType": "address",
        "name": "_newWhitelist",
        "type": "address"
      }
    ],
    "name": "updateWhitelist",
    "outputs": [],
    "stateMutability": "nonpayable",
    "type": "function"
  },
  {
    "inputs": [],
    "name": "whitelist",
    "outputs": [
      {
        "internalType": "contract IWhitelist",
        "name": "",
        "type": "address"
      }
    ],
    "stateMutability": "view",
    "type": "function"
  }
]